{"params": {"bootstrap": true, "criterion": "entropy", "max_depth": 20, "min_samples_leaf": 1, "min_samples_split": 2, "n_estimators": 5}, "classes": ["correct", "incorrect"], "forest": [{"children_left": [1, 2, 3, 4, -1, -1, 7, -1, -1, -1, 11, 12, -1, -1, -1], "children_right": [10, 9, 6, 5, -1, -1, 8, -1, -1, -1, 14, 13, -1, -1, -1], "feature": [11, 19, 6, 5, -2, -2, 5, -2, -2, -2, 15, 14, -2, -2, -2], "threshold": [0.45216140151023865, 0.8481557369232178, 0.4918180853128433, 0.2354322224855423, -2.0, -2.0, 0.2469562143087387, -2.0, -2.0, -2.0, 0.7001698613166809, 0.21517352014780045, -2.0, -2.0, -2.0], "value": [[0.5609756097560976, 0.43902439024390244], [0.8760330578512396, 0.12396694214876033], [0.9137931034482759, 0.08620689655172414], [0.963302752293578, 0.03669724770642202], [1.0, 0.0], [0.0, 1.0], [0.14285714285714285, 0.8571428571428571], [1.0, 0.0], [0.0, 1.0], [0.0, 1.0], [0.10714285714285714, 0.8928571428571429], [0.5294117647058824, 0.47058823529411764], [1.0, 0.0], [0.0, 1.0], [0.0, 1.0]]}, {"children_left": [1, 2, 3, -1, -1, 6, -1, 8, 9, -1, -1, -1, 13, 14, 15, 16, 17, -1, -1, -1, -1, -1, -1], "children_right": [12, 5, 4, -1, -1, 7, -1, 11, 10, -1, -1, -1, 22, 21, 20, 19, 18, -1, -1, -1, -1, -1, -1], "feature": [7, 15, 9, -2, -2, 16, -2, 2, 1, -2, -2, -2, 12, 18, 1, 15, 13, -2, -2, -2, -2, -2, -2], "threshold": [0.6733247339725494, 0.7148710191249847, 0.5753117799758911, -2.0, -2.0, 0.7840503752231598, -2.0, 0.7120153903961182, 0.3581170588731766, -2.0, -2.0, -2.0, 0.6981695294380188, 0.4546820670366287, 0.47533419728279114, 0.6957446932792664, 0.5097194463014603, -2.0, -2.0, -2.0, -2.0, -2.0, -2.0], "value": [[0.5073170731707317, 0.4926829268292683], [0.8787878787878788, 0.12121212121212122], [0.9746835443037974, 0.02531645569620253], [1.0, 0.0], [0.0, 1.0], [0.5, 0.5], [0.0, 1.0], [0.625, 0.375], [0.3333333333333333, 0.6666666666666666], [1.0, 0.0], [0.0, 1.0], [1.0, 0.0], [0.16037735849056603, 0.839622641509434], [0.5, 0.5], [0.85, 0.15], [0.6666666666666666, 0.3333333333333333], [0.8571428571428571, 0.14285714285714285], [1.0, 0.0], [0.0, 1.0], [0.0, 1.0], [1.0, 0.0], [0.0, 1.0], [0.0, 1.0]]}, {"children_left": [1, 2, 3, 4, -1, 6, -1, 8, -1, -1, 11, -1, 13, -1, -1, 16, -1, -1, -1], "children_right": [18, 15, 10, 5, -1, 7, -1, 9, -1, -1, 12, -1, 14, -1, -1, 17, -1, -1, -1], "feature": [12, 8, 6, 1, -2, 5, -2, 4, -2, -2, 17, -2, 9, -2, -2, 10, -2, -2, -2], "threshold": [0.6987094581127167, 0.47586552798748016, 0.4736984521150589, 0.32010646164417267, -2.0, 0.15847647935152054, -2.0, 0.5797981917858124, -2.0, -2.0, 0.5665510594844818, -2.0, 0.538764089345932, -2.0, -2.0, 0.8636958301067352, -2.0, -2.0, -2.0], "value": [[0.5609756097560976, 0.43902439024390244], [0.8273381294964028, 0.17266187050359713], [0.9032258064516129, 0.0967741935483871], [0.9809523809523809, 0.01904761904761905], [0.0, 1.0], [0.9903846153846154, 0.009615384615384616], [1.0, 0.0], [0.9545454545454546, 0.045454545454545456], [0.0, 1.0], [1.0, 0.0], [0.47368421052631576, 0.5263157894736842], [0.0, 1.0], [0.75, 0.25], [0.0, 1.0], [1.0, 0.0], [0.2, 0.8], [0.0, 1.0], [1.0, 0.0], [0.0, 1.0]]}, {"children_left": [1, 2, 3, -1, 5, -1, 7, 8, -1, 10, 11, -1, -1, -1, -1, -1, -1], "children_right": [16, 15, 4, -1, 6, -1, 14, 9, -1, 13, 12, -1, -1, -1, -1, -1, -1], "feature": [12, 6, 8, -2, 10, -2, 6, 8, -2, 9, 3, -2, -2, -2, -2, -2, -2], "threshold": [0.6983176171779633, 0.507056713104248, 0.42793403565883636, -2.0, 0.8232963681221008, -2.0, 0.4765923321247101, 0.42934705317020416, -2.0, 0.44122862815856934, 0.5300264358520508, -2.0, -2.0, -2.0, -2.0, -2.0, -2.0], "value": [[0.551219512195122, 0.44878048780487806], [0.849624060150376, 0.15037593984962405], [0.9186991869918699, 0.08130081300813008], [1.0, 0.0], [0.6551724137931034, 0.3448275862068966], [0.0, 1.0], [0.8260869565217391, 0.17391304347826086], [0.9047619047619048, 0.09523809523809523], [0.0, 1.0], [0.95, 0.05], [0.8333333333333334, 0.16666666666666666], [1.0, 0.0], [0.0, 1.0], [1.0, 0.0], [0.0, 1.0], [0.0, 1.0], [0.0, 1.0]]}, {"children_left": [1, -1, 3, 4, -1, 6, 7, 8, -1, 10, -1, -1, -1, -1, -1], "children_right": [2, -1, 14, 5, -1, 13, 12, 9, -1, 11, -1, -1, -1, -1, -1], "feature": [18, -2, 5, 8, -2, 6, 9, 18, -2, 19, -2, -2, -2, -2, -2], "threshold": [0.3729178011417389, -2.0, 0.21307940781116486, 0.42793403565883636, -2.0, 0.3973844349384308, 0.5040757060050964, 0.38674989342689514, -2.0, 0.8164611160755157, -2.0, -2.0, -2.0, -2.0, -2.0], "value": [[0.5219512195121951, 0.47804878048780486], [0.0, 1.0], [0.6484848484848484, 0.3515151515151515], [0.9304347826086956, 0.06956521739130435], [1.0, 0.0], [0.7142857142857143, 0.2857142857142857], [0.4666666666666667, 0.5333333333333333], [0.7, 0.3], [1.0, 0.0], [0.5, 0.5], [0.0, 1.0], [1.0, 0.0], [0.0, 1.0], [1.0, 0.0], [0.0, 1.0]]}]}